{"cameraMode":{"drawMode":0,"name":"Shaded","section":"Shading Mode"},"sceneLighting":false,"audioPlay":false,"sceneViewState":{"m_AlwaysRefresh":false,"showFog":true,"showSkybox":false,"showFlares":true,"showImageEffects":true,"showParticleSystems":true,"showVisualEffectGraphs":true,"m_FxEnabled":true},"in2DMode":false,"pivot":{"x":-1.7363317012786866,"y":-0.5965354442596436,"z":0.12979139387607575},"rotation":{"x":0.07376392185688019,"y":-0.8855021595954895,"z":0.4333183467388153,"w":0.15072523057460786},"size":3.574862241744995,"orthographic":false}