{"cameraMode":{"drawMode":0,"name":"Shaded","section":"Shading Mode"},"sceneLighting":false,"audioPlay":false,"sceneViewState":{"m_AlwaysRefresh":false,"showFog":true,"showSkybox":false,"showFlares":true,"showImageEffects":true,"showParticleSystems":true,"showVisualEffectGraphs":true,"m_FxEnabled":true},"in2DMode":false,"pivot":{"x":1.977860689163208,"y":-1.6271932125091553,"z":2.4701523780822756},"rotation":{"x":0.041867345571517947,"y":-0.7374424338340759,"z":0.04583270102739334,"w":0.6726849675178528},"size":2.0584726333618166,"orthographic":false}