{"cameraMode":{"drawMode":0,"name":"Shaded","section":"Shading Mode"},"sceneLighting":false,"audioPlay":false,"sceneViewState":{"m_AlwaysRefresh":false,"showFog":true,"showSkybox":false,"showFlares":true,"showImageEffects":true,"showParticleSystems":true,"showVisualEffectGraphs":true,"m_FxEnabled":true},"in2DMode":false,"pivot":{"x":0.5339999794960022,"y":-0.18799996376037599,"z":-0.20200002193450929},"rotation":{"x":-0.06340142339468003,"y":-0.7277376055717468,"z":0.06787525862455368,"w":-0.6796073913574219},"size":0.8345199227333069,"orthographic":false}