{"cameraMode":{"drawMode":0,"name":"Shaded","section":"Shading Mode"},"sceneLighting":true,"audioPlay":false,"sceneViewState":{"m_AlwaysRefresh":false,"showFog":true,"showSkybox":true,"showFlares":true,"showImageEffects":true,"showParticleSystems":true,"showVisualEffectGraphs":true,"m_FxEnabled":true},"in2DMode":false,"pivot":{"x":347.1469421386719,"y":225.87559509277345,"z":-187.30673217773438},"rotation":{"x":-0.2102266252040863,"y":-0.05187368392944336,"z":0.011170977726578713,"w":-0.9762146472930908},"size":13.34626293182373,"orthographic":false}