{"cameraMode":{"drawMode":0,"name":"Shaded","section":"Shading Mode"},"sceneLighting":true,"audioPlay":false,"sceneViewState":{"m_AlwaysRefresh":false,"showFog":true,"showSkybox":true,"showFlares":true,"showImageEffects":true,"showParticleSystems":true,"showVisualEffectGraphs":true,"m_FxEnabled":true},"in2DMode":false,"pivot":{"x":344.0744934082031,"y":227.35409545898438,"z":-186.55960083007813},"rotation":{"x":-0.18109622597694398,"y":0.009748311713337899,"z":-0.0017951197223737836,"w":-0.9834184050559998},"size":13.34626293182373,"orthographic":false}