{"cameraMode":{"drawMode":0,"name":"Shaded","section":"Shading Mode"},"sceneLighting":true,"audioPlay":false,"sceneViewState":{"m_AlwaysRefresh":false,"showFog":true,"showSkybox":true,"showFlares":true,"showImageEffects":true,"showParticleSystems":true,"showVisualEffectGraphs":true,"m_FxEnabled":true},"in2DMode":false,"pivot":{"x":4.284595489501953,"y":-3.0310919284820558,"z":-9.432233810424805},"rotation":{"x":-0.000421604752773419,"y":0.9800487756729126,"z":-0.19877752661705018,"w":-0.0020551872439682485},"size":10.800220489501954,"orthographic":false}