{"cameraMode":{"drawMode":0,"name":"Shaded","section":"Shading Mode"},"sceneLighting":true,"audioPlay":false,"sceneViewState":{"m_AlwaysRefresh":false,"showFog":true,"showSkybox":true,"showFlares":true,"showImageEffects":true,"showParticleSystems":true,"showVisualEffectGraphs":true,"m_FxEnabled":true},"in2DMode":false,"pivot":{"x":1.504866123199463,"y":-1.955690860748291,"z":0.9907643795013428},"rotation":{"x":0.13498248159885407,"y":0.2755160629749298,"z":-0.039107128977775577,"w":0.9509698152542114},"size":9.554779052734375,"orthographic":false}