{"cameraMode":{"drawMode":0,"name":"Shaded","section":"Shading Mode"},"sceneLighting":true,"audioPlay":false,"sceneViewState":{"m_AlwaysRefresh":false,"showFog":true,"showSkybox":true,"showFlares":true,"showImageEffects":true,"showParticleSystems":true,"showVisualEffectGraphs":true,"m_FxEnabled":true},"in2DMode":false,"pivot":{"x":-3.606416702270508,"y":6.049206733703613,"z":1.406595230102539},"rotation":{"x":-0.032840363681316379,"y":0.8835263252258301,"z":-0.06266697496175766,"w":-0.46300894021987917},"size":21.961151123046876,"orthographic":false}